{
  "0x0100": {
    "a": -0.0016956211017415466,
    "b": 37.36693943773674
  },
  "0x0101": {
    "a": -0.0016956211017415466,
    "b": 37.51118086349033
  },
  "0x0102": {
    "a": -0.0016956211017415466,
    "b": 37.37129720488123
  }
}